{
  "best_metric": 0.88541579246521,
  "best_model_checkpoint": "./results\\checkpoint-2851",
  "epoch": 1.0,
  "eval_steps": 500,
  "global_step": 2851,
  "is_hyper_param_search": false,
  "is_local_process_zero": true,
  "is_world_process_zero": true,
  "log_history": [
    {
      "epoch": 0.175377060680463,
      "grad_norm": 0.37336474657058716,
      "learning_rate": 4.123114696597685e-05,
      "loss": 1.0552,
      "step": 500
    },
    {
      "epoch": 0.350754121360926,
      "grad_norm": 1.012542724609375,
      "learning_rate": 3.24622939319537e-05,
      "loss": 0.9935,
      "step": 1000
    },
    {
      "epoch": 0.526131182041389,
      "grad_norm": 0.756990373134613,
      "learning_rate": 2.3693440897930553e-05,
      "loss": 0.9521,
      "step": 1500
    },
    {
      "epoch": 0.701508242721852,
      "grad_norm": 1.5262261629104614,
      "learning_rate": 1.4924587863907403e-05,
      "loss": 0.9227,
      "step": 2000
    },
    {
      "epoch": 0.876885303402315,
      "grad_norm": 1.9439074993133545,
      "learning_rate": 6.173272535952298e-06,
      "loss": 0.9033,
      "step": 2500
    },
    {
      "epoch": 1.0,
      "eval_accuracy": 0.6175,
      "eval_f1": 0.5676186098984647,
      "eval_loss": 0.88541579246521,
      "eval_runtime": 1.3935,
      "eval_samples_per_second": 1435.249,
      "eval_steps_per_second": 179.406,
      "step": 2851
    }
  ],
  "logging_steps": 500,
  "max_steps": 2851,
  "num_input_tokens_seen": 0,
  "num_train_epochs": 1,
  "save_steps": 500,
  "stateful_callbacks": {
    "TrainerControl": {
      "args": {
        "should_epoch_stop": false,
        "should_evaluate": false,
        "should_log": false,
        "should_save": true,
        "should_training_stop": true
      },
      "attributes": {}
    }
  },
  "total_flos": 59116168063260.0,
  "train_batch_size": 16,
  "trial_name": null,
  "trial_params": null
}
